"01035", 12469
"01037", 10754
"01039", 37092
"01041", 13871
"01043", 82755
"01045", 49226
"01047", 39215
"01001", 55504
"01003", 212628
"01005", 25270
"01007", 22668
"01009", 58013
"01011", 10309
"01013", 19825
"01015", 114728
"01017", 33713
"01019", 25857
"01021", 44067
"01023", 12945
"01025", 24083
"01027", 13367
"01029", 14900
"01031", 51874
"01033", 54500
"01123", 40681
"01125", 207811
"01127", 64058
"01129", 16531
"01131", 10719
"01133", 23722
"01049", 71617
"01051", 81677
"01053", 37447
"01055", 102755
"01057", 16468
"01059", 31495
"01061", 26421
"01063", 8330
"01065", 14812
"01067", 17147
"01069", 104346
"01071", 51909
"01073", 659197
"01075", 13946
"01077", 92538
"01079", 33049
"01081", 161604
"01083", 94402
"01085", 10076
"01087", 18755
"01089", 361046
"01091", 19375
"01093", 29833
"01095", 95548
"01097", 413955
"01099", 21327
"01101", 226646
"01103", 118818
"01105", 9339
"01107", 20176
"01109", 33267
"01111", 22670
"01113", 57045
"01115", 88199
"01117", 213605
"01119", 12687
"01121", 80065
"02013", 3370
"02016", 5763
"02020", 294356
"02050", 18076
"02060", 867
"02068", 2074
"02070", 4932
"02090", 99703
"02100", 2526
"02105", 2145
"02110", 32094
"02122", 58617
"02130", 13856
"02150", 13448
"02158", 8202
"02164", 1620
"02170", 106532
"02180", 9921
"02185", 9782
"02188", 7684
"02195", 3281
"02198", 6443
"02220", 8689
"02230", 1157
"02240", 6888
"02261", 9278
"02275", 2521
"02282", 605
"02290", 5365
"04025", 228168
"04027", 207534
"04001", 71606
"04003", 124756
"04005", 140776
"04007", 53501
"04009", 37466
"04011", 9455
"04012", 20601
"04013", 4307033
"04015", 207200
"04017", 108956
"04019", 1022769
"04021", 430237
"04023", 46212
"05001", 17967
"05003", 20283
"05005", 41355
"05007", 266300
"05083", 21722
"05085", 72898
"05087", 16339
"05089", 16428
"05091", 43984
"05093", 42159
"05009", 37381
"05011", 10864
"05013", 5247
"05015", 27944
"05017", 10636
"05019", 22293
"05021", 14920
"05023", 25048
"05025", 8202
"05027", 23627
"05029", 20916
"05031", 107115
"05033", 62996
"05035", 48750
"05037", 16863
"05039", 7393
"05041", 11764
"05043", 18547
"05045", 123654
"05047", 17890
"05049", 12055
"05051", 98658
"05053", 18165
"05055", 45053
"05057", 21861
"05059", 33574
"05061", 13478
"05063", 37504
"05065", 13686
"05067", 17135
"05069", 69115
"05071", 26552
"05073", 6862
"05075", 16525
"05077", 9176
"05079", 13646
"05081", 12359
"05095", 7085
"05097", 8919
"05099", 8327
"05101", 7828
"05103", 23868
"05105", 10348
"05107", 18572
"05109", 10726
"05111", 24154
"05113", 20118
"05115", 63835
"05117", 8248
"05119", 393956
"05121", 17557
"05123", 25930
"05125", 119323
"05127", 10445
"05129", 7938
"05131", 128107
"05133", 17115
"05135", 17393
"05137", 12537
"05139", 39449
"05141", 16506
"05143", 231996
"05145", 79016
"05147", 6571
"05149", 21523
"06031", 150101
"06033", 64246
"06035", 31163
"06037", 10163507
"06039", 156890
"06041", 260955
"06001", 1663190
"06003", 1120
"06005", 38626
"06007", 229294
"06009", 45670
"06011", 21805
"06013", 1147439
"06015", 27470
"06017", 188987
"06019", 989255
"06021", 28094
"06023", 136754
"06025", 182830
"06027", 18026
"06029", 893119
"06115", 77031
"06043", 17569
"06045", 88018
"06047", 272673
"06049", 8859
"06051", 14168
"06053", 437907
"06055", 140973
"06057", 99814
"06059", 3190400
"06061", 386166
"06063", 18742
"06065", 2423266
"06067", 1530615
"06069", 60310
"06071", 2157404
"06073", 3337685
"06075", 884363
"06077", 745424
"06079", 283405
"06081", 771410
"06083", 448150
"06085", 1938153
"06087", 275897
"06089", 179921
"06091", 2999
"06093", 43853
"06095", 445458
"06097", 504217
"06099", 547899
"06101", 96648
"06103", 63926
"06105", 12709
"06107", 464493
"06109", 54248
"06111", 854223
"06113", 219116
"08001", 503167
"08003", 16551
"08005", 643052
"08007", 13315
"08009", 3562
"08095", 4292
"08097", 17890
"08099", 12070
"08101", 166475
"08103", 6420
"08105", 11301
"08107", 25220
"08011", 5938
"08013", 322514
"08014", 68341
"08015", 19638
"08017", 1845
"08019", 9574
"08021", 8184
"08023", 3776
"08025", 5810
"08027", 4874
"08029", 30568
"08031", 704621
"08033", 2067
"08035", 335299
"08037", 54772
"08039", 25642
"08041", 699232
"08043", 47559
"08045", 59118
"08047", 6013
"08049", 15321
"08051", 16939
"08053", 794
"08055", 6662
"08057", 1385
"08059", 574613
"08061", 1376
"08063", 7158
"08065", 7778
"08067", 55589
"08069", 343976
"08071", 14238
"08073", 5546
"08075", 21896
"08077", 151616
"08079", 766
"08081", 13131
"08083", 26140
"08085", 41784
"08087", 28192
"08089", 18326
"08091", 4794
"08093", 17905
"08109", 6626
"08111", 715
"08113", 7967
"08115", 2344
"08117", 30585
"08119", 24646
"08121", 4938
"08123", 304633
"08125", 10075
"09001", 949921
"09003", 895388
"09005", 182177
"09007", 163410
"09009", 860435
"09011", 269033
"09013", 151461
"09015", 116359
"10001", 176824
"10003", 559793
"10005", 225322
"11001", 693972
"12033", 313512
"12035", 110510
"12037", 11727
"12039", 46071
"12041", 17743
"12043", 13754
"12001", 266944
"12003", 28283
"12005", 183563
"12007", 27038
"12009", 589162
"12011", 1935878
"12013", 14483
"12015", 182033
"12017", 145647
"12019", 212230
"12021", 372880
"12023", 69612
"12027", 36862
"12029", 16673
"12031", 937934
"12131", 68376
"12133", 24567
"12045", 16160
"12047", 14184
"12049", 27411
"12051", 40347
"12053", 186553
"12055", 102883
"12057", 1408566
"12059", 19558
"12061", 154383
"12063", 48330
"12065", 14144
"12067", 8451
"12069", 346017
"12071", 739224
"12073", 290292
"12075", 40355
"12077", 8242
"12079", 18449
"12081", 385571
"12083", 354353
"12085", 159923
"12086", 2751796
"12087", 77013
"12089", 82721
"12091", 202970
"12093", 41605
"12095", 1348975
"12097", 352180
"12099", 1471150
"12101", 525643
"12103", 970637
"12105", 686483
"12107", 73464
"12109", 243812
"12111", 313506
"12113", 174272
"12115", 419119
"12117", 462659
"12119", 125165
"12121", 44190
"12123", 21833
"12125", 15517
"12127", 538692
"12129", 32120
"13001", 18521
"13003", 8342
"13005", 11319
"13007", 3200
"13085", 24379
"13087", 26716
"13089", 753253
"13091", 20730
"13093", 13737
"13095", 89502
"13009", 44906
"13011", 18634
"13013", 79061
"13015", 105054
"13017", 16996
"13019", 19186
"13021", 152862
"13023", 12830
"13025", 18731
"13027", 15587
"13029", 37060
"13031", 76149
"13033", 22522
"13035", 24059
"13037", 6455
"13039", 53044
"13043", 10797
"13045", 117812
"13047", 66550
"13049", 12715
"13051", 290501
"13053", 10343
"13055", 24770
"13057", 247573
"13059", 127064
"13061", 2962
"13063", 285153
"13065", 6727
"13067", 755754
"13069", 43014
"13071", 45835
"13073", 151579
"13075", 17277
"13077", 143114
"13079", 12295
"13081", 22736
"13083", 16285
"13185", 115489
"13187", 32873
"13189", 21498
"13191", 14106
"13193", 13314
"13195", 29302
"13097", 143882
"13099", 10296
"13101", 3936
"13103", 59982
"13105", 19109
"13107", 22530
"13109", 10775
"13111", 25322
"13113", 112549
"13115", 97613
"13117", 227967
"13119", 22820
"13121", 1041423
"13123", 30674
"13125", 3062
"13127", 85282
"13129", 57089
"13131", 24819
"13133", 17281
"13135", 920260
"13137", 44567
"13139", 199335
"13141", 8561
"13143", 29256
"13145", 33915
"13147", 25794
"13149", 11730
"13151", 225813
"13153", 153479
"13155", 9410
"13157", 67519
"13159", 13964
"13161", 15025
"13163", 15648
"13165", 8767
"13167", 9788
"13169", 28470
"13171", 18599
"13173", 10425
"13175", 47330
"13177", 29470
"13179", 61386
"13181", 7880
"13183", 19014
"13273", 8729
"13275", 44779
"13277", 40598
"13279", 26999
"13281", 11506
"13283", 6740
"13285", 69786
"13197", 8450
"13199", 21049
"13201", 5838
"13205", 22292
"13207", 27113
"13209", 9031
"13211", 18412
"13213", 39782
"13215", 194058
"13217", 108078
"13219", 38028
"13221", 14877
"13223", 159445
"13225", 27099
"13227", 31588
"13229", 19307
"13231", 18217
"13233", 42085
"13235", 11201
"13237", 21730
"13239", 2358
"13241", 16602
"13243", 7075
"13245", 201800
"13247", 90312
"13249", 5213
"13251", 13953
"13253", 8292
"13255", 65380
"13257", 25890
"13259", 5985
"13261", 29847
"13263", 6249
"13265", 1628
"13267", 25334
"13269", 8142
"13271", 15989
"13287", 7961
"13289", 8174
"13291", 23459
"13293", 26135
"13295", 68939
"13297", 91600
"13299", 35871
"13301", 5303
"13303", 20313
"13305", 29817
"13307", 2605
"13309", 7952
"13311", 29453
"13313", 104658
"13315", 8800
"13317", 9892
"13319", 8959
"13321", 20533
"15001", 200381
"15003", 988650
"15005", 88
"15007", 72159
"15009", 166260
"16043", 13094
"16045", 17379
"16047", 15124
"16049", 16369
"16051", 28446
"16053", 23627
"16001", 456849
"16003", 4147
"16005", 85269
"16007", 6028
"16009", 9184
"16011", 45927
"16013", 22024
"16015", 7290
"16017", 43560
"16019", 114595
"16021", 11922
"16023", 2602
"16025", 1102
"16027", 216699
"16029", 7034
"16031", 23664
"16033", 873
"16035", 8546
"16037", 4172
"16039", 26823
"16041", 13564
"16055", 157637
"16057", 39333
"16059", 7875
"16061", 3887
"16063", 5318
"16065", 39141
"16067", 20729
"16069", 40385
"16071", 4427
"16073", 11628
"16075", 23215
"16077", 7600
"16079", 12542
"16081", 11381
"16083", 85124
"16085", 10687
"16087", 10121
"17043", 930128
"17045", 17328
"17047", 6486
"17049", 34132
"17051", 21784
"17053", 13280
"17001", 66234
"17003", 6315
"17005", 16948
"17007", 53513
"17009", 6716
"17011", 33243
"17013", 4833
"17015", 14518
"17017", 12505
"17019", 209399
"17021", 33102
"17023", 15767
"17025", 13269
"17027", 37614
"17029", 51979
"17031", 5211263
"17033", 18961
"17035", 10908
"17037", 104733
"17039", 15942
"17041", 19748
"17141", 51063
"17143", 183011
"17145", 21285
"17147", 16445
"17149", 15821
"17151", 4325
"17055", 39041
"17057", 35110
"17059", 5080
"17061", 13174
"17063", 50586
"17065", 8194
"17067", 18020
"17069", 4046
"17071", 6795
"17073", 49328
"17075", 27876
"17077", 58284
"17079", 9578
"17081", 38179
"17083", 21941
"17085", 21594
"17087", 12900
"17089", 534667
"17091", 109605
"17093", 126218
"17095", 50638
"17097", 703520
"17099", 110067
"17101", 16168
"17103", 34406
"17105", 36518
"17107", 29245
"17109", 30823
"17111", 309122
"17113", 172290
"17115", 105801
"17117", 45446
"17119", 265428
"17121", 37902
"17123", 11730
"17125", 13715
"17127", 14344
"17129", 12245
"17131", 15618
"17133", 34097
"17135", 28790
"17137", 33798
"17139", 14688
"17179", 133526
"17181", 17000
"17183", 77909
"17185", 11489
"17187", 17167
"17189", 14030
"17191", 16495
"17193", 13938
"17195", 56118
"17197", 692661
"17199", 67328
"17201", 284778
"17203", 38726
"17153", 5509
"17155", 5727
"17157", 32423
"17159", 15901
"17161", 144808
"17163", 262479
"17165", 24102
"17167", 196452
"17169", 7035
"17171", 5002
"17173", 21719
"17175", 5434
"17177", 45054
"18173", 62530
"18175", 27827
"18177", 66185
"18179", 27984
"18181", 24182
"18183", 33756
"18001", 35491
"18003", 372877
"18005", 82040
"18007", 8613
"18009", 11976
"18011", 65875
"18013", 15035
"18015", 20039
"18017", 37994
"18019", 116973
"18021", 26198
"18023", 32317
"18025", 10566
"18027", 33113
"18029", 49741
"18031", 26737
"18033", 42836
"18035", 115184
"18037", 42558
"18039", 205032
"18041", 23209
"18043", 77071
"18045", 16505
"18047", 22619
"18049", 20059
"18051", 33576
"18053", 66491
"18055", 32177
"18057", 323747
"18059", 74985
"18061", 39898
"18063", 163685
"18065", 48476
"18067", 82363
"18069", 36337
"18071", 43884
"18073", 33447
"18075", 20945
"18077", 32089
"18079", 27626
"18081", 153897
"18083", 37508
"18085", 79206
"18087", 39303
"18089", 485640
"18091", 110029
"18093", 45666
"18095", 129498
"18097", 950082
"18099", 46498
"18101", 10215
"18103", 35845
"18105", 146986
"18107", 38525
"18109", 69713
"18111", 14130
"18113", 47452
"18115", 5828
"18117", 19426
"18119", 20839
"18121", 16886
"18123", 19081
"18125", 12365
"18127", 168404
"18129", 25595
"18131", 12534
"18133", 37702
"18135", 24922
"18137", 28442
"18139", 16645
"18141", 270434
"18143", 23870
"18145", 44395
"18147", 20394
"18149", 22893
"18151", 34484
"18153", 20746
"18155", 10696
"18157", 190587
"18159", 15128
"18161", 7200
"18163", 181616
"18165", 15505
"18167", 107516
"18169", 31443
"18171", 8201
"19193", 102429
"19195", 7469
"19197", 12784
"19001", 7054
"19003", 3686
"19005", 13884
"19007", 12352
"19009", 5578
"19011", 25642
"19013", 132648
"19015", 26484
"19017", 24911
"19019", 21202
"19021", 20110
"19023", 14606
"19025", 9746
"19027", 20320
"19029", 13145
"19031", 18543
"19033", 43006
"19035", 11316
"19037", 12005
"19039", 9374
"19041", 16170
"19043", 17637
"19045", 47010
"19047", 17056
"19049", 87235
"19051", 8966
"19053", 7950
"19055", 17153
"19057", 39417
"19059", 17199
"19061", 97041
"19063", 9432
"19065", 19796
"19067", 15744
"19069", 10164
"19071", 6948
"19073", 8981
"19075", 12333
"19077", 10670
"19079", 15115
"19081", 10771
"19083", 17048
"19085", 14136
"19087", 19863
"19089", 9228
"19091", 9564
"19093", 6865
"19095", 16103
"19097", 19366
"19099", 36966
"19101", 18422
"19103", 149210
"19105", 20536
"19107", 10153
"19109", 14999
"19111", 34295
"19113", 224115
"19115", 11184
"19117", 8534
"19119", 11792
"19121", 16013
"19123", 22235
"19125", 33105
"19127", 40288
"19129", 15068
"19131", 10631
"19133", 8740
"19135", 7845
"19137", 10137
"19139", 42880
"19141", 13801
"19143", 6045
"19145", 15224
"19147", 9092
"19149", 25220
"19151", 6846
"19153", 481830
"19155", 93386
"19157", 18314
"19159", 5034
"19161", 9817
"19163", 172509
"19165", 11628
"19167", 34860
"19169", 97502
"19171", 17058
"19173", 6178
"19175", 12450
"19177", 7157
"19179", 35044
"19181", 50163
"19183", 22281
"19185", 6476
"19187", 36605
"19189", 10587
"19191", 20201
"20001", 12519
"20003", 7833
"20005", 16332
"20197", 6874
"20199", 1524
"20201", 5485
"20203", 2125
"20205", 8675
"20207", 3147
"20007", 4586
"20009", 26476
"20011", 14754
"20013", 9641
"20015", 66878
"20017", 2683
"20019", 3363
"20209", 165288
"20021", 20115
"20023", 2683
"20025", 2004
"20027", 7958
"20029", 8991
"20031", 8224
"20033", 1790
"20035", 35361
"20037", 39034
"20039", 2885
"20041", 18902
"20043", 7727
"20045", 120793
"20047", 2893
"20049", 2498
"20051", 28689
"20053", 6330
"20055", 37084
"20057", 34381
"20059", 25733
"20061", 33855
"20063", 2631
"20065", 2495
"20067", 7526
"20069", 5958
"20071", 1249
"20073", 6123
"20075", 2640
"20077", 5590
"20079", 34544
"20081", 4053
"20083", 1842
"20085", 13318
"20087", 18998
"20089", 2850
"20091", 591178
"20093", 3960
"20095", 7360
"20097", 2485
"20099", 20145
"20101", 1559
"20103", 81095
"20105", 3043
"20107", 9726
"20109", 2821
"20111", 33392
"20113", 28708
"20115", 11986
"20117", 9745
"20119", 4303
"20121", 33461
"20123", 6128
"20125", 32556
"20127", 5455
"20129", 2740
"20131", 10118
"20133", 16015
"20135", 2869
"20137", 5441
"20139", 15772
"20141", 3610
"20143", 5863
"20145", 6680
"20147", 5370
"20149", 23908
"20151", 9547
"20153", 2497
"20155", 62510
"20157", 4691
"20159", 9660
"20161", 74172
"20163", 5043
"20165", 3103
"20167", 6915
"20169", 54734
"20171", 4961
"20173", 513687
"20175", 22159
"20177", 178187
"20179", 2527
"20181", 5930
"20183", 3668
"20185", 4207
"20187", 2060
"20189", 5612
"20191", 23159
"20193", 7788
"20195", 2884
"21185", 66415
"21187", 10765
"21189", 4435
"21191", 14573
"21193", 26553
"21195", 58883
"21197", 12374
"21199", 64449
"21201", 2134
"21203", 16698
"21205", 24517
"21207", 17775
"21209", 54873
"21211", 47421
"21213", 18108
"21215", 18507
"21217", 25472
"21219", 12243
"21221", 14444
"21223", 8561
"21225", 14668
"21227", 128845
"21229", 12126
"21231", 20716
"21233", 13018
"21235", 36214
"21237", 7264
"21239", 26368
"21161", 17174
"21163", 28154
"21165", 6455
"21167", 21521
"21169", 10107
"21171", 10659
"21173", 27928
"21175", 13188
"21177", 30816
"21179", 45640
"21181", 7130
"21183", 24182
"21001", 19485
"21003", 20933
"21005", 22544
"21007", 8039
"21009", 43801
"21011", 12378
"21013", 26894
"21015", 130728
"21017", 20029
"21019", 47979
"21021", 29924
"21023", 8267
"21025", 12946
"21027", 20111
"21029", 80246
"21031", 12831
"21033", 12639
"21035", 38919
"21037", 92488
"21039", 4846
"21041", 10713
"21043", 27144
"21045", 15750
"21047", 70416
"21147", 17465
"21149", 9201
"21151", 91226
"21153", 12538
"21155", 19395
"21157", 31382
"21159", 11452
"21073", 50485
"21075", 6192
"21077", 8776
"21079", 17523
"21081", 24984
"21083", 37121
"21111", 771158
"21113", 53375
"21115", 22594
"21117", 165399
"21119", 15291
"21121", 31227
"21049", 36046
"21051", 20366
"21053", 10276
"21055", 9084
"21057", 6706
"21059", 100374
"21085", 26358
"21087", 11065
"21089", 35518
"21091", 8801
"21093", 108071
"21095", 26713
"21097", 18781
"21123", 14205
"21125", 60174
"21127", 15719
"21129", 6570
"21131", 10334
"21133", 22339
"21061", 12226
"21063", 7523
"21065", 14277
"21067", 321959
"21069", 14446
"21071", 36271
"21099", 18757
"21101", 45928
"21103", 16006
"21105", 4520
"21107", 45547
"21109", 13431
"21135", 13339
"21137", 24456
"21139", 9269
"21141", 27060
"21143", 8082
"21145", 65385
"22125", 15380
"22127", 14311
"22001", 62590
"22003", 25621
"22005", 122948
"22007", 22526
"22009", 40980
"22011", 36928
"22013", 13638
"22015", 127634
"22017", 246581
"22019", 202445
"22021", 9950
"22023", 6912
"22025", 9875
"22027", 15969
"22029", 19866
"22031", 27340
"22033", 446268
"22035", 7126
"22037", 19412
"22039", 33708
"22041", 20260
"22043", 22336
"22045", 72176
"22047", 33027
"22049", 15846
"22051", 439036
"22053", 31477
"22055", 242485
"22057", 98426
"22059", 14933
"22061", 47744
"22063", 138228
"22065", 11316
"22067", 25641
"22069", 39021
"22071", 393292
"22073", 155874
"22075", 23348
"22077", 22268
"22079", 131648
"22081", 8536
"22083", 20411
"22085", 24018
"22087", 46202
"22089", 52749
"22091", 10363
"22093", 21367
"22095", 43441
"22097", 83497
"22099", 54171
"22101", 50973
"22103", 256327
"22105", 132497
"22107", 4615
"22109", 112086
"22111", 22571
"22113", 60136
"22115", 50726
"22117", 46633
"22119", 39378
"22121", 26265
"22123", 10981
"23001", 107651
"23003", 67653
"23005", 292500
"23007", 29988
"23009", 54497
"23011", 121821
"23013", 39790
"23015", 34204
"23017", 57439
"23019", 151957
"23021", 16773
"23023", 35392
"23025", 50626
"23027", 39832
"23029", 31593
"23031", 204191
"24001", 71615
"24003", 573235
"24005", 832468
"24009", 91502
"24011", 33193
"24013", 167781
"24015", 102746
"24017", 159700
"24019", 32162
"24021", 252022
"24023", 29233
"24025", 252160
"24027", 321113
"24029", 19384
"24031", 1058810
"24033", 912756
"24035", 49770
"24037", 112667
"24039", 25918
"24041", 37103
"24043", 150578
"24045", 102923
"24047", 51690
"24510", 611648
"25001", 213444
"25003", 126313
"25005", 561483
"25007", 17325
"25009", 785205
"25011", 70702
"25013", 469818
"25015", 161834
"25017", 1602947
"25019", 11229
"25021", 700322
"25023", 515142
"25025", 797939
"25027", 826116
"26073", 71063
"26075", 158640
"26077", 262985
"26079", 17634
"26081", 648594
"26083", 2105
"26085", 12013
"26087", 88174
"26089", 21657
"26091", 98623
"26093", 189651
"26095", 6358
"26097", 10712
"26099", 871375
"26101", 24427
"26103", 66502
"26105", 29073
"26107", 43391
"26109", 23046
"26111", 83411
"26113", 14998
"26115", 149649
"26117", 63550
"26119", 9250
"26121", 173693
"26123", 48242
"26125", 1250836
"26127", 26442
"26129", 20981
"26131", 5881
"26133", 23260
"26135", 8287
"26137", 24538
"26139", 286383
"26141", 12791
"26143", 23895
"26145", 191934
"26147", 159350
"26149", 60947
"26151", 41269
"26153", 8049
"26155", 68446
"26157", 52764
"26159", 75353
"26161", 367627
"26163", 1753616
"26165", 33276
"26001", 10351
"26003", 9121
"26005", 116447
"26007", 28462
"26009", 23292
"26011", 15045
"26013", 8441
"26015", 60586
"26017", 104239
"26019", 17573
"26021", 154259
"26023", 43410
"26025", 134128
"26027", 51381
"26029", 26139
"26031", 25369
"26033", 37711
"26035", 30653
"26037", 78443
"26039", 13907
"26041", 35965
"26043", 25415
"26045", 109027
"26047", 33193
"26049", 407385
"26051", 25234
"26053", 15342
"26055", 91807
"26057", 41018
"26059", 45879
"26061", 36305
"26063", 31280
"26065", 290186
"26067", 64291
"26069", 25162
"26071", 11124
"27103", 33966
"27105", 21944
"27107", 6597
"27109", 154930
"27111", 58345
"27113", 14238
"27115", 29203
"27117", 9087
"27119", 31619
"27121", 10970
"27123", 547974
"27125", 4030
"27127", 15272
"27129", 14645
"27131", 65968
"27133", 9490
"27135", 15327
"27137", 200000
"27139", 145827
"27141", 94570
"27143", 14869
"27145", 157822
"27147", 36887
"27149", 9634
"27151", 9407
"27153", 24515
"27155", 3319
"27157", 21608
"27159", 13669
"27161", 18787
"27001", 15829
"27003", 351373
"27163", 256348
"27165", 10840
"27167", 6324
"27169", 50873
"27171", 134286
"27173", 9867
"27005", 34098
"27007", 46513
"27009", 39937
"27011", 5026
"27013", 66973
"27015", 25194
"27017", 35498
"27019", 102119
"27021", 29355
"27023", 11980
"27025", 55308
"27027", 63569
"27029", 8878
"27031", 5398
"27033", 11295
"27035", 64424
"27037", 421751
"27039", 20762
"27041", 37575
"27043", 13784
"27045", 20980
"27047", 30535
"27049", 46304
"27051", 5941
"27053", 1252024
"27055", 18660
"27057", 21018
"27059", 39582
"27061", 45137
"27063", 9946
"27065", 16024
"27067", 42743
"27069", 4250
"27071", 12528
"27073", 6685
"27075", 10524
"27077", 3744
"27079", 28111
"27081", 5678
"27083", 25831
"27085", 35884
"27087", 5596
"27089", 9356
"27091", 19850
"27093", 23131
"27095", 25872
"27097", 33064
"27099", 39566
"27101", 8346
"28073", 61374
"28075", 76155
"28077", 12643
"28079", 22715
"28081", 84933
"28083", 29223
"28085", 34347
"28087", 59186
"28089", 104618
"28091", 25069
"28093", 35619
"28095", 35872
"28001", 31003
"28003", 37210
"28005", 12447
"28007", 18477
"28009", 8312
"28011", 31945
"28013", 14492
"28015", 10139
"28017", 17146
"28019", 8278
"28021", 8950
"28023", 15828
"28025", 19640
"28027", 23154
"28029", 28516
"28031", 19079
"28033", 178751
"28035", 75471
"28037", 7765
"28039", 24094
"28041", 13345
"28043", 21087
"28045", 47053
"28047", 205027
"28049", 239497
"28051", 17739
"28053", 8342
"28055", 1339
"28057", 23508
"28059", 142152
"28061", 16582
"28063", 7262
"28065", 11314
"28067", 67930
"28069", 9883
"28071", 54374
"28121", 152080
"28123", 28420
"28125", 4435
"28127", 26947
"28129", 16078
"28131", 18112
"28133", 25981
"28135", 14125
"28137", 28441
"28139", 21969
"28141", 19542
"28143", 10024
"28145", 28556
"28147", 14499
"28149", 46768
"28151", 46221
"28153", 20446
"28155", 9765
"28157", 8804
"28159", 18246
"28161", 12497
"28163", 27057
"28097", 10173
"28099", 29369
"28101", 21185
"28103", 10742
"28105", 49799
"28107", 33994
"28109", 55270
"28111", 12032
"28113", 39468
"28115", 31640
"28117", 25261
"28119", 7269
"29153", 9186
"29155", 16826
"29157", 19225
"29159", 42558
"29161", 44744
"29163", 18567
"29165", 101187
"29167", 31794
"29169", 52059
"29171", 4811
"29173", 10224
"29175", 24945
"29177", 22855
"29179", 6275
"29181", 13564
"29183", 395504
"29185", 9362
"29186", 17843
"29187", 66705
"29001", 25377
"29003", 17555
"29189", 996726
"29195", 22660
"29197", 4508
"29199", 4963
"29201", 38541
"29203", 8249
"29005", 5275
"29007", 25641
"29009", 35668
"29011", 11850
"29013", 16334
"29015", 19074
"29205", 6021
"29207", 29369
"29209", 31699
"29211", 6229
"29213", 55355
"29215", 25735
"29017", 12306
"29019", 178271
"29021", 89065
"29023", 42666
"29025", 9100
"29027", 45032
"29029", 45632
"29217", 20437
"29219", 34373
"29221", 25022
"29223", 13296
"29225", 38665
"29227", 2057
"29031", 78161
"29033", 8796
"29035", 6169
"29037", 103724
"29039", 14073
"29041", 7480
"29229", 18331
"29510", 308626
"29043", 85432
"29045", 6723
"29047", 242874
"29049", 20554
"29051", 76708
"29053", 17644
"29055", 24102
"29057", 7588
"29059", 16673
"29061", 8361
"29063", 12588
"29065", 15480
"29067", 13300
"29069", 30119
"29071", 103330
"29073", 14726
"29075", 6665
"29077", 289805
"29079", 9949
"29081", 8524
"29083", 21718
"29085", 9475
"29087", 4413
"29089", 10139
"29091", 40103
"29093", 10226
"29095", 698895
"29097", 120217
"29099", 223810
"29101", 53897
"29103", 3977
"29105", 35443
"29107", 32641
"29109", 38434
"29111", 9967
"29113", 56183
"29115", 12194
"29117", 15173
"29119", 22828
"29121", 15251
"29123", 12243
"29125", 8867
"29127", 28634
"29129", 3678
"29131", 25228
"29133", 13586
"29135", 16063
"29137", 8612
"29139", 11438
"29141", 20145
"29143", 17582
"29145", 58290
"29147", 22472
"29149", 10558
"29151", 13662
"30001", 9434
"30003", 13360
"30005", 6708
"30007", 5936
"30009", 10696
"30011", 1222
"30013", 81654
"30015", 5765
"30017", 11721
"30019", 1737
"30021", 8950
"30023", 9106
"30025", 3009
"30027", 11291
"30029", 100000
"30031", 107810
"30033", 1293
"30035", 13640
"30037", 822
"30039", 3358
"30041", 16463
"30043", 11891
"30045", 1961
"30047", 30273
"30049", 67773
"30051", 2427
"30053", 19440
"30055", 1718
"30057", 8175
"30059", 1851
"30061", 4255
"30063", 117441
"30065", 4639
"30067", 16353
"30069", 523
"30071", 4119
"30073", 5960
"30075", 1752
"30077", 6795
"30079", 1109
"30081", 42563
"30083", 11039
"30085", 11098
"30087", 9248
"30089", 11711
"30091", 3469
"30093", 34602
"30095", 9419
"30097", 3691
"30099", 6085
"30101", 4886
"30103", 679
"30105", 7433
"30107", 2140
"30109", 1020
"30111", 158980
"31009", 482
"31011", 5352
"31013", 10886
"31015", 1977
"31017", 3014
"31019", 49732
"31021", 6535
"31023", 8053
"31025", 25889
"31027", 8530
"31029", 3971
"31031", 5818
"31033", 9676
"31035", 6205
"31037", 10585
"31039", 9042
"31041", 10897
"31043", 20186
"31045", 8890
"31047", 23709
"31049", 1883
"31051", 5754
"31053", 36707
"31055", 561620
"31057", 1801
"31059", 5582
"31061", 2990
"31063", 2631
"31065", 4780
"31067", 21601
"31069", 1906
"31071", 2016
"31073", 2028
"31075", 649
"31077", 2374
"31079", 61519
"31081", 9207
"31083", 3443
"31085", 893
"31087", 2834
"31089", 10202
"31091", 674
"31093", 6437
"31095", 7178
"31097", 5185
"31099", 6530
"31101", 8072
"31103", 793
"31105", 3619
"31107", 8472
"31109", 314358
"31111", 35280
"31113", 768
"31115", 609
"31117", 499
"31119", 35144
"31121", 7882
"31123", 4836
"31125", 3607
"31127", 6949
"31129", 4275
"31131", 16027
"31133", 2641
"31135", 2903
"31137", 9060
"31139", 7138
"31141", 33175
"31143", 5328
"31145", 10728
"31147", 7969
"31149", 1436
"31151", 14441
"31153", 181439
"31155", 21057
"31157", 36363
"31159", 17161
"31161", 5289
"31163", 3086
"31165", 1203
"31167", 5988
"31169", 5045
"31171", 725
"31173", 7223
"31175", 4209
"31177", 20721
"31179", 9318
"31181", 3524
"31183", 818
"31185", 13806
"31001", 31678
"31003", 6362
"31005", 457
"31007", 742
"32023", 44202
"32027", 6508
"32029", 4006
"32031", 460587
"32033", 9592
"32510", 54745
"32001", 24230
"32003", 2204079
"32005", 48309
"32007", 52649
"32009", 850
"32011", 1961
"32013", 16826
"32015", 5693
"32017", 5223
"32019", 54122
"32021", 4457
"33001", 60785
"33003", 48064
"33005", 75960
"33007", 31634
"33009", 89386
"33011", 409697
"33013", 149216
"33015", 306363
"33017", 128613
"33019", 43077
"34001", 269918
"34003", 948406
"34005", 448596
"34007", 510719
"34009", 93553
"34011", 152538
"34013", 808285
"34015", 292206
"34017", 691643
"34019", 125059
"34021", 374733
"34023", 842798
"34025", 626351
"34027", 499693
"34029", 597943
"34031", 512607
"34033", 62792
"34035", 335432
"34037", 141682
"34039", 563892
"34041", 106798
"35009", 49812
"35011", 1829
"35013", 215579
"35015", 56997
"35017", 27687
"35019", 4429
"35043", 142507
"35045", 126926
"35047", 27748
"35049", 148750
"35051", 11116
"35053", 16798
"35021", 692
"35023", 4305
"35025", 68759
"35027", 19395
"35028", 18738
"35029", 24078
"35055", 32795
"35057", 15506
"35059", 4187
"35061", 75940
"35001", 676773
"35003", 3587
"35005", 64866
"35006", 26853
"35007", 12174
"35031", 72564
"35033", 4551
"35035", 65817
"35037", 8306
"35039", 39159
"35041", 18847
"36055", 747642
"36057", 49258
"36059", 1369514
"36061", 1664727
"36063", 211328
"36065", 231332
"36067", 465398
"36069", 109899
"36071", 382226
"36073", 40983
"36075", 118478
"36077", 60094
"36079", 99323
"36081", 2358582
"36083", 159722
"36085", 479458
"36087", 328868
"36089", 109623
"36091", 229869
"36093", 155565
"36095", 31420
"36097", 18000
"36099", 34498
"36101", 96281
"36103", 1492953
"36105", 75485
"36107", 48578
"36109", 104802
"36111", 179417
"36113", 64532
"36115", 61620
"36117", 90670
"36119", 980244
"36121", 40493
"36123", 24955
"36031", 37956
"36033", 51116
"36035", 53877
"36037", 57956
"36039", 47470
"36041", 4485
"36043", 62240
"36045", 114187
"36047", 2648771
"36049", 26551
"36051", 63799
"36053", 70965
"36017", 47863
"36019", 80980
"36021", 60604
"36023", 47786
"36025", 45001
"36027", 295568
"36029", 925528
"36001", 309612
"36003", 46894
"36005", 1471160
"36007", 193639
"36009", 77348
"36011", 77603
"36013", 129046
"36015", 85557
"37109", 82403
"37111", 45159
"37113", 34732
"37115", 21746
"37117", 22789
"37119", 1076837
"37121", 15072
"37123", 27435
"37125", 97264
"37127", 93991
"37129", 227198
"37131", 19862
"37133", 193893
"37135", 144946
"37137", 12689
"37139", 39743
"37141", 60958
"37143", 13474
"37145", 39370
"37147", 179042
"37149", 20558
"37151", 143282
"37153", 44798
"37155", 132606
"37157", 90949
"37159", 140644
"37161", 66551
"37163", 63430
"37165", 35093
"37001", 162391
"37167", 61482
"37169", 45717
"37171", 72224
"37173", 14294
"37175", 33956
"37177", 4052
"37003", 37286
"37005", 11031
"37007", 24991
"37009", 26957
"37011", 17536
"37013", 47088
"37179", 231366
"37181", 44211
"37183", 1072203
"37185", 19883
"37187", 12012
"37189", 55121
"37015", 19224
"37017", 33478
"37019", 130897
"37021", 257607
"37023", 89293
"37025", 206872
"37191", 124172
"37193", 68576
"37195", 81671
"37197", 37774
"37199", 17744
"37027", 81981
"37029", 10581
"37031", 68881
"37033", 22646
"37035", 157974
"37037", 71472
"37039", 28087
"37041", 14105
"37043", 11074
"37045", 97334
"37047", 55936
"37049", 102578
"37051", 332546
"37053", 26331
"37055", 36099
"37057", 165466
"37059", 42456
"37061", 59039
"37063", 311640
"37065", 52747
"37067", 376320
"37069", 66168
"37071", 220182
"37073", 11544
"37075", 8541
"37077", 59557
"37079", 21015
"37081", 526953
"37083", 51310
"37085", 132754
"37087", 61084
"37089", 115708
"37091", 23906
"37093", 54116
"37095", 5363
"37097", 175711
"37099", 42973
"37101", 196708
"37103", 9597
"37105", 60430
"37107", 56883
"38087", 771
"38089", 30209
"38091", 1917
"38093", 21087
"38095", 2253
"38097", 8013
"38099", 10855
"38101", 68946
"38103", 4022
"38105", 33349
"38001", 2318
"38003", 10734
"38005", 6936
"38007", 940
"38009", 6530
"38011", 3166
"38013", 2131
"38015", 95030
"38017", 177787
"38019", 3762
"38021", 4861
"38023", 2288
"38025", 4289
"38027", 2316
"38029", 3301
"38031", 3257
"38033", 1789
"38035", 70795
"38037", 2376
"38039", 2258
"38041", 2483
"38043", 2482
"38045", 4087
"38047", 1918
"38049", 5900
"38051", 2606
"38053", 12724
"38055", 9685
"38057", 8465
"38059", 30796
"38061", 10265
"38063", 2937
"38065", 1940
"38067", 6972
"38069", 4099
"38071", 11519
"38073", 5297
"38075", 2463
"38077", 16351
"38079", 14531
"38081", 3858
"38083", 1353
"38085", 4376
"39001", 27726
"39003", 103198
"39005", 53628
"39007", 97807
"39009", 66597
"39011", 45778
"39013", 68029
"39015", 43576
"39017", 380604
"39019", 27385
"39021", 38840
"39023", 134557
"39025", 204214
"39027", 42009
"39029", 103077
"39031", 36544
"39033", 41746
"39035", 1248514
"39037", 51536
"39039", 38156
"39041", 200464
"39043", 74817
"39045", 154733
"39047", 28752
"39049", 1291981
"39051", 42289
"39053", 29973
"39055", 93918
"39057", 166752
"39059", 39093
"39061", 813822
"39063", 75754
"39065", 31364
"39067", 15216
"39069", 27185
"39071", 42971
"39073", 28474
"39075", 43957
"39077", 58494
"39079", 32449
"39081", 66359
"39083", 61261
"39085", 230117
"39087", 60249
"39089", 173448
"39091", 45325
"39093", 307924
"39095", 430887
"39097", 44036
"39099", 229796
"39101", 64967
"39103", 178371
"39105", 23080
"39107", 40873
"39109", 105122
"39111", 13946
"39113", 531542
"39115", 14709
"39117", 34994
"39119", 86149
"39121", 14406
"39123", 40657
"39125", 18845
"39127", 36024
"39129", 57830
"39131", 28270
"39133", 162277
"39135", 41120
"39137", 33878
"39139", 120589
"39141", 77313
"39143", 59195
"39145", 75929
"39147", 55243
"39149", 48759
"39151", 372542
"39153", 541228
"39155", 200380
"39157", 92297
"39159", 56741
"39161", 28217
"39163", 13092
"39165", 228882
"39167", 60418
"39169", 116038
"39171", 36784
"39173", 130492
"39175", 22029
"40007", 5315
"40009", 21793
"40011", 9498
"40013", 46319
"40015", 29173
"40017", 139926
"40019", 48190
"40021", 48888
"40023", 14863
"40025", 2154
"40027", 279641
"40029", 5642
"40031", 121526
"40033", 5823
"40035", 14327
"40037", 71704
"40039", 28800
"40041", 42602
"40043", 4878
"40045", 3966
"40047", 61581
"40049", 27909
"40051", 54943
"40053", 4395
"40055", 5843
"40057", 2689
"40059", 3808
"40061", 12763
"40063", 13302
"40065", 25125
"40067", 6183
"40069", 11060
"40071", 44544
"40073", 15669
"40075", 8893
"40077", 10411
"40079", 49731
"40081", 35142
"40083", 46784
"40085", 10034
"40087", 39343
"40089", 32808
"40091", 19742
"40093", 7693
"40095", 16434
"40097", 40921
"40099", 13853
"40101", 69086
"40103", 11277
"40105", 10306
"40107", 12140
"40109", 787958
"40111", 38930
"40113", 47233
"40115", 31312
"40117", 16472
"40119", 81575
"40121", 44184
"40123", 38224
"40125", 72226
"40127", 11173
"40129", 3716
"40131", 91444
"40133", 24878
"40135", 41252
"40137", 43332
"40139", 20900
"40141", 7433
"40143", 646266
"40145", 78657
"40147", 51932
"40149", 11134
"40151", 9031
"40153", 20459
"40001", 21909
"40003", 5907
"40005", 13887
"41001", 16054
"41003", 90951
"41005", 412672
"41007", 39182
"41009", 51782
"41011", 63888
"41013", 23123
"41015", 22669
"41017", 186875
"41019", 109405
"41021", 1855
"41023", 7190
"41025", 7289
"41051", 807555
"41053", 83696
"41055", 1758
"41057", 26690
"41059", 76985
"41061", 26222
"41063", 7051
"41065", 26437
"41067", 588957
"41069", 1357
"41071", 105722
"41027", 23377
"41029", 217479
"41031", 23758
"41033", 86352
"41035", 66935
"41037", 7863
"41039", 374748
"41041", 48920
"41043", 125047
"41045", 30480
"41047", 341286
"41049", 11166
"42001", 102336
"42003", 1223048
"42005", 65642
"42007", 166140
"42009", 48480
"42011", 417854
"42013", 123457
"42015", 60853
"42017", 628341
"42019", 187108
"42021", 133054
"42023", 4592
"42025", 63853
"42027", 162660
"42029", 519293
"42031", 38458
"42033", 79685
"42035", 38998
"42037", 65932
"42039", 86159
"42041", 250066
"42043", 275710
"42045", 564696
"42047", 30197
"42049", 274541
"42051", 131504
"42053", 7297
"42055", 154234
"42057", 14590
"42059", 36770
"42061", 45491
"42063", 84953
"42065", 43804
"42067", 24514
"42069", 210761
"42071", 542903
"42073", 87069
"42075", 139754
"42077", 366494
"42079", 317343
"42081", 113841
"42083", 41330
"42085", 111750
"42087", 46388
"42089", 168046
"42091", 826075
"42093", 18272
"42095", 303405
"42097", 92029
"42099", 46127
"42101", 1580863
"42103", 55691
"42105", 16802
"42107", 142569
"42109", 40801
"42111", 74501
"42113", 6089
"42115", 40985
"42117", 40793
"42119", 44595
"42121", 51762
"42123", 39659
"42125", 207298
"42127", 51205
"42129", 352627
"42131", 27322
"42133", 446078
"44001", 48912
"44003", 163760
"44005", 83460
"44007", 637357
"44009", 126150
"45025", 45948
"45027", 34057
"45029", 37611
"45031", 67265
"45033", 30666
"45035", 156456
"45037", 26693
"45039", 22607
"45041", 138566
"45043", 61607
"45045", 506837
"45047", 70355
"45049", 19602
"45051", 333268
"45053", 28458
"45055", 65036
"45057", 92550
"45059", 66848
"45061", 17350
"45063", 290642
"45065", 9545
"45067", 31293
"45069", 26825
"45071", 38488
"45073", 77270
"45075", 87476
"45077", 123479
"45079", 411592
"45081", 20452
"45083", 306854
"45085", 106847
"45087", 27537
"45089", 31133
"45091", 266439
"45001", 24722
"45003", 168179
"45005", 9002
"45007", 198759
"45009", 14381
"45011", 21345
"45013", 186844
"45015", 217937
"45017", 14704
"45019", 401438
"45021", 57105
"45023", 32301
"46125", 8315
"46127", 15029
"46129", 5543
"46135", 22662
"46137", 2756
"46003", 2738
"46005", 18157
"46007", 3454
"46009", 6984
"46011", 34255
"46013", 39178
"46015", 5312
"46017", 1999
"46019", 10107
"46021", 1379
"46023", 9428
"46025", 3668
"46027", 13990
"46029", 28099
"46031", 4203
"46033", 8691
"46035", 19704
"46037", 5521
"46039", 4281
"46041", 5835
"46043", 2931
"46045", 3919
"46047", 6687
"46049", 2329
"46051", 7061
"46053", 4226
"46055", 1943
"46057", 5948
"46059", 3277
"46061", 3423
"46063", 1242
"46065", 17666
"46067", 7358
"46069", 1318
"46071", 3289
"46073", 2028
"46075", 936
"46077", 4952
"46079", 12809
"46081", 25429
"46083", 56664
"46085", 3904
"46087", 5499
"46089", 2426
"46091", 4804
"46093", 28018
"46095", 2088
"46097", 2228
"46099", 188616
"46101", 6579
"46102", 14354
"46103", 110141
"46105", 2974
"46107", 2231
"46109", 10278
"46111", 2450
"46115", 6410
"46117", 3011
"46119", 1407
"46121", 10065
"46123", 5460
"47001", 76257
"47187", 226257
"47189", 136442
"47003", 48117
"47005", 15986
"47007", 14717
"47009", 129929
"47011", 105560
"47013", 39648
"47015", 14216
"47017", 27860
"47019", 56488
"47021", 40330
"47023", 17119
"47025", 31609
"47027", 7703
"47029", 35556
"47031", 55034
"47033", 14473
"47035", 59078
"47037", 691243
"47039", 11751
"47041", 19852
"47043", 52853
"47045", 37463
"47047", 40036
"47049", 18136
"47051", 41652
"47053", 49111
"47055", 29401
"47057", 23144
"47059", 68808
"47061", 13361
"47063", 64277
"47065", 361613
"47067", 6600
"47069", 25447
"47071", 25846
"47073", 56459
"47075", 17573
"47077", 27751
"47079", 32450
"47081", 24864
"47083", 8213
"47085", 18484
"47087", 11677
"47089", 53804
"47091", 17691
"47093", 461860
"47095", 7468
"47097", 25274
"47099", 43396
"47101", 12035
"47103", 33751
"47105", 52152
"47107", 52877
"47109", 26004
"47111", 24079
"47113", 97643
"47115", 28425
"47117", 32931
"47119", 92163
"47121", 12068
"47123", 46240
"47125", 200182
"47127", 6384
"47129", 21636
"47131", 30385
"47133", 22012
"47135", 7975
"47137", 5073
"47139", 16757
"47141", 77674
"47143", 32691
"47145", 53036
"47147", 70177
"47149", 317157
"47151", 21989
"47153", 14736
"47155", 97638
"47157", 936961
"47159", 19636
"47161", 13355
"47163", 157158
"47165", 183545
"47167", 61366
"47169", 10083
"47171", 17759
"47173", 19442
"47175", 5742
"47177", 40651
"47179", 127806
"47181", 16583
"47183", 33337
"47185", 26753
"48201", 4652980
"48203", 66661
"48205", 5691
"48207", 5746
"48209", 214485
"48211", 4024
"48391", 7224
"48393", 938
"48395", 17203
"48397", 96788
"48399", 10266
"48401", 52833
"48213", 81064
"48215", 860661
"48217", 35852
"48219", 23088
"48221", 58273
"48223", 36496
"48403", 10461
"48405", 8253
"48407", 28270
"48409", 67215
"48411", 5959
"48413", 3001
"48225", 23021
"48227", 36040
"48229", 4408
"48231", 93872
"48233", 21375
"48235", 1516
"48237", 8832
"48415", 17050
"48417", 3328
"48419", 25513
"48421", 3067
"48423", 227727
"48425", 8845
"48427", 64454
"48239", 14805
"48241", 35561
"48243", 2280
"48245", 256299
"48247", 5202
"48249", 40871
"48429", 9337
"48431", 1295
"48433", 1388
"48435", 3767
"48437", 7515
"48439", 2054475
"48251", 167301
"48253", 19983
"48255", 15187
"48257", 122883
"48259", 44026
"48261", 417
"48441", 136290
"48443", 810
"48445", 12715
"48447", 1527
"48449", 32904
"48451", 118019
"48263", 763
"48265", 51720
"48267", 4410
"48269", 296
"48271", 3745
"48273", 31088
"48275", 3710
"48453", 1226698
"48455", 14667
"48457", 21539
"48459", 41281
"48461", 3663
"48463", 27132
"48465", 49205
"48277", 49587
"48279", 13210
"48281", 21027
"48283", 7584
"48285", 20062
"48287", 17183
"48467", 55182
"48469", 92084
"48471", 72245
"48473", 51307
"48475", 11472
"48477", 35043
"48289", 17243
"48291", 83658
"48293", 23527
"48295", 3378
"48297", 12174
"48299", 21210
"48479", 274794
"48481", 41968
"48483", 5358
"48485", 132000
"48487", 12764
"48489", 21584
"48301", 134
"48303", 305225
"48305", 5859
"48307", 7957
"48309", 251259
"48311", 778
"48313", 14222
"48491", 547545
"48493", 49304
"48495", 7574
"48497", 66181
"48499", 44314
"48501", 8568
"48503", 17979
"48315", 10064
"48317", 5626
"48319", 4222
"48321", 36840
"48323", 58216
"48325", 50066
"48505", 14322
"48507", 11948
"48327", 2124
"48329", 165049
"48331", 25053
"48333", 4921
"48335", 8468
"48337", 19539
"48339", 570934
"48341", 22097
"48343", 12467
"48345", 1230
"48347", 65580
"48349", 48701
"48351", 13952
"48353", 14770
"48355", 361221
"48357", 10073
"48359", 2114
"48361", 85047
"48363", 28570
"48365", 23243
"48367", 133463
"48369", 9842
"48371", 15634
"48373", 49162
"48375", 120458
"48175", 7562
"48177", 20893
"48179", 22404
"48181", 131140
"48183", 123367
"48185", 28082
"48377", 7156
"48379", 11762
"48381", 134442
"48383", 3710
"48385", 3429
"48387", 12229
"48389", 15281
"48187", 159659
"48189", 34134
"48191", 3071
"48193", 8422
"48195", 5447
"48197", 3994
"48199", 57139
"48001", 57741
"48003", 17722
"48005", 87805
"48007", 25572
"48009", 8809
"48011", 1879
"48013", 48981
"48015", 29786
"48017", 7077
"48019", 22351
"48021", 84761
"48023", 3581
"48025", 32563
"48027", 347833
"48029", 1958578
"48031", 11626
"48033", 673
"48035", 18326
"48037", 94012
"48039", 362457
"48041", 222830
"48043", 9337
"48045", 1528
"48047", 7235
"48049", 38053
"48051", 18011
"48053", 46804
"48055", 42338
"48057", 21744
"48059", 13946
"48161", 19625
"48163", 19600
"48165", 20638
"48167", 335036
"48169", 6528
"48171", 26646
"48173", 1348
"48085", 969603
"48087", 2987
"48089", 21232
"48091", 141009
"48093", 13573
"48095", 2717
"48097", 39895
"48123", 20226
"48125", 2209
"48127", 10418
"48129", 3311
"48131", 11273
"48133", 18411
"48135", 157087
"48061", 423725
"48063", 12855
"48065", 6032
"48067", 30012
"48069", 7843
"48071", 41441
"48099", 74913
"48101", 1387
"48103", 4740
"48105", 3564
"48107", 5899
"48109", 2231
"48137", 1953
"48139", 173620
"48141", 840410
"48143", 41969
"48145", 17437
"48147", 34446
"48073", 52240
"48075", 7067
"48077", 10421
"48079", 2851
"48081", 3306
"48083", 8430
"48111", 7208
"48113", 2618148
"48115", 12813
"48117", 18836
"48119", 5298
"48121", 836210
"48149", 25272
"48151", 3880
"48153", 5855
"48155", 1222
"48157", 764828
"48159", 10767
"49001", 6386
"49003", 54079
"49005", 124438
"49007", 20295
"49009", 1029
"49011", 347637
"49013", 20026
"49015", 10077
"49017", 5078
"49019", 9674
"49021", 51001
"49023", 11250
"49025", 7567
"49027", 12863
"49029", 11873
"49031", 1420
"49033", 2391
"49035", 1135649
"49037", 15356
"49039", 30035
"49041", 21316
"49043", 41106
"49045", 67456
"49047", 35150
"49049", 606425
"49051", 32106
"49053", 165662
"49055", 2719
"49057", 251769
"50015", 25337
"50017", 28974
"50019", 26841
"50021", 59087
"50023", 58290
"50025", 42869
"50027", 55100
"50001", 36776
"50003", 35594
"50005", 30164
"50007", 162372
"50009", 6230
"50011", 49025
"50013", 6998
"51191", 54387
"51193", 17780
"51195", 38586
"51197", 28882
"51199", 67739
"51510", 160035
"51001", 32545
"51003", 107702
"51005", 15122
"51007", 13020
"51009", 31594
"51520", 16790
"51530", 6327
"51540", 48019
"51550", 240397
"51570", 17830
"51580", 5531
"51011", 15681
"51013", 234965
"51015", 75144
"51017", 4297
"51019", 77974
"51021", 6350
"51590", 41130
"51595", 5282
"51600", 24097
"51610", 14583
"51620", 8176
"51630", 28360
"51640", 6625
"51023", 33192
"51025", 16244
"51027", 21514
"51029", 17065
"51031", 55010
"51033", 30461
"51650", 134669
"51660", 54215
"51670", 22621
"51678", 7106
"51680", 80995
"51683", 41501
"51035", 29708
"51036", 7004
"51037", 12119
"51041", 343599
"51043", 14508
"51045", 5062
"51685", 16591
"51690", 13142
"51700", 179388
"51710", 244703
"51720", 3936
"51730", 31750
"51047", 51282
"51049", 9811
"51051", 14782
"51053", 28208
"51057", 11028
"51059", 1148433
"51061", 69465
"51735", 12053
"51740", 94572
"51750", 17658
"51760", 227032
"51770", 99837
"51775", 25862
"51063", 15755
"51065", 26452
"51067", 56445
"51069", 86484
"51071", 16837
"51073", 37292
"51790", 24528
"51800", 90237
"51810", 450435
"51820", 22327
"51830", 15031
"51840", 27932
"51075", 22685
"51077", 15665
"51079", 19612
"51081", 11679
"51083", 34563
"51085", 105923
"51087", 327898
"51089", 51227
"51091", 2212
"51093", 36552
"51095", 75524
"51097", 7003
"51099", 26337
"51101", 16708
"51103", 10788
"51105", 23758
"51107", 398080
"51109", 35860
"51111", 12235
"51113", 13277
"51115", 8779
"51117", 30686
"51119", 10679
"51121", 98559
"51125", 14943
"51127", 21682
"51131", 11846
"51133", 12275
"51135", 15434
"51137", 36073
"51139", 23731
"51141", 17665
"51143", 61258
"51145", 28601
"51147", 22703
"51149", 37809
"51153", 463023
"51155", 34184
"51157", 7321
"51159", 8939
"51161", 93730
"51163", 22659
"51165", 80227
"51167", 27048
"51169", 21865
"51171", 43225
"51173", 30656
"51175", 17750
"51177", 133033
"51179", 146649
"51181", 6540
"51183", 11373
"51185", 41095
"51187", 39563
"53001", 19506
"53003", 22535
"53005", 198171
"53007", 76533
"53009", 75474
"53011", 474643
"53013", 4047
"53015", 106910
"53017", 41945
"53019", 7594
"53021", 92125
"53023", 2210
"53025", 95158
"53027", 72697
"53029", 83159
"53031", 31234
"53033", 2188649
"53035", 266414
"53037", 46205
"53039", 21811
"53041", 78200
"53043", 10579
"53045", 63710
"53047", 41742
"53049", 21626
"53051", 13354
"53053", 876764
"53055", 16715
"53057", 125619
"53059", 11837
"53061", 801633
"53063", 506152
"53065", 44730
"53067", 280588
"53069", 4264
"53071", 60567
"53073", 221404
"53075", 49046
"53077", 250193
"54001", 16497
"54003", 114920
"54005", 22349
"54031", 13717
"54033", 67811
"54035", 28976
"54037", 56338
"54039", 183293
"54041", 16226
"54043", 20825
"54045", 32925
"54047", 18456
"54049", 56337
"54051", 31190
"54053", 26801
"54055", 59753
"54057", 27222
"54059", 24127
"54061", 105030
"54063", 13402
"54065", 17686
"54067", 25043
"54069", 42035
"54071", 6996
"54073", 7512
"54075", 8456
"54077", 33679
"54079", 56792
"54081", 75022
"54083", 28785
"54085", 9774
"54087", 14043
"54089", 12993
"54091", 16930
"54093", 6915
"54095", 8795
"54097", 24465
"54099", 40153
"54101", 8372
"54103", 15437
"54105", 5794
"54107", 85104
"54109", 21210
"54007", 14237
"54009", 22443
"54011", 94958
"54013", 7307
"54015", 8764
"54017", 8560
"54019", 43521
"54021", 8005
"54023", 11670
"54025", 35287
"54027", 23471
"54029", 29448
"55113", 16418
"55115", 40935
"55117", 115344
"55119", 20321
"55121", 29472
"55123", 30759
"55125", 21683
"55127", 103082
"55129", 15758
"55131", 135101
"55133", 400621
"55135", 51225
"55137", 24369
"55139", 170414
"55141", 73126
"55001", 19973
"55003", 15500
"55005", 45251
"55007", 15008
"55009", 262052
"55011", 13167
"55013", 15352
"55015", 50067
"55017", 63813
"55019", 34679
"55021", 57248
"55023", 16214
"55025", 536416
"55027", 87786
"55029", 27483
"55031", 43284
"55033", 44693
"55035", 103671
"55037", 4371
"55039", 102548
"55041", 8970
"55043", 51999
"55045", 36851
"55047", 18760
"55049", 23715
"55051", 5671
"55053", 20529
"55055", 84832
"55057", 26576
"55059", 168521
"55061", 20445
"55063", 118274
"55065", 16741
"55067", 19160
"55069", 27838
"55071", 79175
"55073", 135732
"55075", 40310
"55077", 15308
"55078", 4615
"55079", 952085
"55081", 45625
"55083", 37553
"55085", 35254
"55087", 186059
"55089", 88429
"55091", 7254
"55093", 41901
"55095", 43450
"55097", 70474
"55099", 13442
"55101", 196071
"55103", 17516
"55105", 162309
"55107", 14151
"55109", 88703
"55111", 63981
"56001", 38332
"56003", 11906
"56005", 46242
"56007", 15303
"56009", 13809
"56011", 7410
"56013", 39803
"56015", 13378
"56017", 4696
"56019", 8476
"56021", 98327
"56023", 19265
"56025", 79547
"56027", 2397
"56029", 29568
"56031", 8562
"56033", 30210
"56035", 9799
"56037", 43534
"56039", 23265
"56041", 20495
"56043", 8064
"56045", 6927